VehicleNumber,EventTime,risk_next1h,label_next1h
1,2025-12-08 06:13:33,0.2360944839850901,0
1,2025-12-08 23:12:50,0.17248257870482223,0
1,2025-12-09 08:38:09,0.20537159821526046,0
1,2025-12-09 16:19:23,0.31854176202544204,1
1,2025-12-09 16:29:19,0.23823810794669242,0
1,2025-12-09 22:36:36,0.13403328646089346,0
1,2025-12-10 16:53:45,0.5305628394731798,1
1,2025-12-10 16:58:51,0.24248069120356258,0
1,2025-12-10 20:55:40,0.37370193851990424,0
1,2025-12-11 19:26:11,0.19917013214053825,0
1,2025-12-12 18:32:56,0.18130301013225086,0
1,2025-12-12 23:23:41,0.16085719878523844,0
1,2025-12-13 02:45:08,0.4758561167905444,0
1,2025-12-13 13:29:39,0.3084457568382122,0
1,2025-12-13 17:21:55,0.7291404357190397,1
1,2025-12-13 17:27:54,0.33089415805112293,0
1,2025-12-14 17:55:08,0.2723000234254608,0
1,2025-12-15 06:06:53,0.5278569126587374,1
1,2025-12-15 06:39:20,0.4517166913466799,0
1,2025-12-15 13:01:02,0.27378376839009483,0
1,2025-12-16 15:02:20,0.517063064109446,0
1,2025-12-17 00:26:50,0.3178361984259938,0
1,2025-12-18 00:58:24,0.1918412662586394,0
1,2025-12-18 13:26:18,0.20825472608046225,0
1,2025-12-18 21:34:16,0.15158314803275874,0
1,2025-12-19 05:20:06,0.19869242206566765,0
1,2026-01-08 11:12:48,0.20946244484842844,0
1,2026-01-09 06:18:31,0.21996489227241767,1
1,2026-01-09 06:51:01,0.352050981279409,0
1,2026-01-10 06:20:08,0.38779675383683854,0
1,2026-01-10 15:24:47,0.5209491515367756,0
1,2026-01-10 18:50:40,0.4641696471243694,0
2,2025-12-07 12:55:15,0.49413323804380105,1
2,2025-12-07 13:14:18,0.42393763109753896,0
2,2025-12-08 23:27:08,0.20852400754866202,0
2,2025-12-09 04:45:27,0.47771866866427926,0
2,2025-12-11 06:32:31,0.35743739704638194,0
2,2025-12-13 01:06:26,0.5289129423169368,1
2,2025-12-13 01:14:28,0.24792663700606696,0
2,2025-12-13 07:39:35,0.6460463733117624,1
2,2025-12-13 07:51:39,0.5149310496881337,0
2,2025-12-13 19:20:19,0.7626928458948633,1
2,2025-12-13 19:33:13,0.7808109394593721,1
2,2025-12-13 20:16:41,0.6738526032711667,1
2,2025-12-13 20:49:41,0.19676434086280226,0
2,2025-12-14 11:54:42,0.209974893047915,0
2,2025-12-14 14:38:41,0.27226985945851534,0
2,2025-12-15 13:42:02,0.24990037855655142,0
2,2025-12-15 20:27:31,0.3420733547488331,0
2,2025-12-16 15:54:02,0.23369197031501013,0
2,2025-12-17 07:47:27,0.41169032133932915,1
4,2025-12-08 11:18:26,0.09342710282176403,0
4,2025-12-08 12:37:01,0.6211471285547224,1
4,2025-12-08 12:54:40,0.025,0
4,2025-12-08 12:54:40,0.0,0
4,2025-12-08 12:54:40,0.0775984667933698,0
4,2025-12-08 12:54:40,0.031159617872506495,0
4,2025-12-09 21:32:55,0.04,0
4,2025-12-09 23:29:42,0.26109831896527075,0
4,2025-12-10 11:31:40,0.2628009710273859,0
4,2025-12-10 12:39:38,0.17389217965242007,0
4,2025-12-12 18:37:42,0.03383720930232558,0
4,2025-12-13 01:18:17,0.08093162474347712,0
4,2025-12-13 02:41:58,0.09799588011914316,0
4,2025-12-13 20:09:07,0.05278226424738053,0
4,2025-12-14 05:29:55,0.13141110997040525,0
4,2025-12-14 09:50:19,0.6770839509961378,1
4,2025-12-14 10:10:11,0.09767469058071758,0
4,2025-12-14 12:03:45,0.05962321861437534,0
4,2025-12-14 15:30:01,0.01,0
4,2025-12-14 18:22:45,0.06058562718834224,0
4,2025-12-14 19:40:27,0.049606999426276534,0
4,2025-12-15 06:41:31,0.6103625686166776,1
4,2025-12-15 07:03:02,0.22919788401808439,0
4,2025-12-15 17:01:38,0.04008073122750993,0
4,2025-12-15 18:06:38,0.024321285140562247,0
4,2025-12-16 09:14:28,0.7810418670559767,1
4,2025-12-16 09:21:00,0.11319965191463761,0
4,2025-12-17 00:45:47,0.7099812625172057,1
4,2025-12-17 01:05:12,0.7269716110825266,1
4,2025-12-17 01:39:39,0.1479687060723843,0
4,2025-12-17 04:39:44,0.05841038082417392,0
4,2025-12-17 11:19:38,0.1267881402443713,0
4,2025-12-17 16:23:27,0.08383611558562525,0
4,2025-12-17 21:56:04,0.8071596313850479,1
4,2025-12-17 22:14:13,0.7765564214006754,1
4,2025-12-17 23:10:37,0.8030376852398851,1
4,2025-12-17 23:16:29,0.18968346999080254,0
4,2025-12-19 01:37:06,0.09943317863338365,0
4,2026-01-10 06:12:42,0.06697455968688845,0
4,2026-01-10 08:04:09,0.6455743323322841,1
4,2026-01-10 08:09:13,0.16503711849429195,0
4,2026-01-10 10:56:54,0.07171024938366126,0
4,2026-01-10 20:51:27,0.04127265334048468,0
5,2025-12-09 16:16:30,0.287233339972736,0
5,2025-12-10 17:40:01,0.2162161945700017,0
5,2025-12-10 21:43:22,0.16711030398974824,0
5,2025-12-11 04:22:39,0.2584514313482384,0
5,2025-12-11 05:46:51,0.456257449533196,1
5,2025-12-11 06:21:15,0.5882572029916399,1
5,2025-12-11 06:29:02,0.40305331795563704,0
5,2025-12-11 15:45:18,0.5521453940875003,0
5,2025-12-12 06:08:24,0.3188089850659115,0
5,2025-12-12 22:34:35,0.13689756620814947,0
5,2025-12-13 04:08:05,0.37593047227568765,0
5,2025-12-13 06:53:00,0.6275607702390918,1
5,2025-12-13 07:34:30,0.6489048594103133,1
5,2025-12-13 07:54:32,0.6376430009227689,1
5,2025-12-13 07:59:33,0.40830890932306546,0
5,2025-12-13 20:11:11,0.36542567296659095,0
5,2025-12-14 01:51:57,0.4871425196415389,0
5,2025-12-14 10:31:10,0.22293006414324806,0
5,2025-12-15 11:21:17,0.23636661339064888,0
5,2025-12-16 08:43:15,0.20500922678712338,0
5,2025-12-16 15:34:00,0.4901603119452726,0
5,2025-12-17 00:55:02,0.6008803207884781,1
5,2025-12-17 01:19:00,0.6048869305373731,1
5,2025-12-17 01:45:14,0.5254726441516906,0
5,2025-12-18 11:47:14,0.5982782667376797,1
5,2025-12-18 12:06:02,0.3214947681751774,0
5,2025-12-18 17:02:44,0.50633441847902,0
5,2025-12-19 01:08:31,0.1321228906786434,0
5,2025-12-19 03:35:16,0.19539598679024664,0
5,2026-01-08 10:37:10,0.5292894529014719,0
5,2026-01-08 12:11:36,0.3790782589899135,0
5,2026-01-09 06:46:42,0.28450184218639746,0
5,2026-01-10 06:12:59,0.4545717156785709,0
5,2026-01-10 13:34:54,0.5216521064148618,1
5,2026-01-10 13:42:03,0.31252513052945763,0
5,2026-01-11 06:36:25,0.42767272395528977,1
5,2026-01-11 06:42:20,0.3211638963193905,0
5,2026-01-11 10:19:01,0.6069272800028958,0
5,2026-01-11 13:21:41,0.5122609477729241,0
6,2025-12-08 19:14:49,0.1052559865710314,0
6,2025-12-09 05:10:10,0.015,0
6,2025-12-09 20:37:53,0.06253694066428324,0
6,2025-12-09 22:08:35,0.11071457746050507,0
6,2025-12-10 08:55:23,0.028149189474146644,0
6,2025-12-10 10:13:03,0.713779613714981,1
6,2025-12-10 10:50:59,0.7036762155988195,1
6,2025-12-10 10:57:46,0.1576331100985995,0
6,2025-12-10 12:05:03,0.06413385826771653,0
6,2025-12-10 21:13:00,0.037041194908207,0
6,2025-12-11 06:54:41,0.0567991150764447,0
6,2025-12-11 14:13:16,0.635474951033061,1
6,2025-12-11 14:18:47,0.35417478336825137,0
6,2025-12-11 20:46:07,0.09127308554787168,0
6,2025-12-12 16:12:45,0.075,0
6,2025-12-13 01:18:03,0.1560019992034271,0
6,2025-12-13 20:03:33,0.6387919657928192,1
6,2025-12-13 20:08:47,0.6455698656327137,1
6,2025-12-13 20:29:35,0.21140019360188006,0
6,2025-12-14 05:37:38,0.031468233691023674,0
6,2025-12-14 11:36:55,0.6989598581007794,1
6,2025-12-14 11:57:15,0.6412137420570364,1
6,2025-12-14 12:23:52,0.1574094756201981,0
6,2025-12-14 21:09:31,0.17706625251728217,0
6,2025-12-15 07:06:59,0.09207477690807925,0
6,2025-12-15 08:37:01,0.06987495923804894,0
6,2025-12-15 21:16:36,0.682980574361296,1
6,2025-12-15 22:08:04,0.15280463447209047,0
6,2025-12-16 14:50:14,0.13536179321697114,0
6,2025-12-16 17:19:51,0.18040688489290108,0
6,2025-12-17 04:49:34,0.06314152796921191,0
6,2025-12-17 16:27:59,0.06490908806028885,0
6,2025-12-18 11:42:03,0.3532586580884186,0
6,2025-12-18 12:57:03,0.3875382115685724,0
6,2025-12-19 00:07:35,0.10400971272703384,0
6,2025-12-19 01:32:21,0.05642673016206419,0
6,2025-12-19 03:55:10,0.06554530074710466,0
6,2026-01-08 10:51:45,0.7873068682236783,1
6,2026-01-08 11:24:26,0.7531898476009643,1
6,2026-01-08 11:56:12,0.20752199325071138,0
6,2026-01-09 06:18:45,0.6509784615272395,1
6,2026-01-09 06:47:39,0.10734787399452404,0
6,2026-01-09 10:24:56,0.13176651606510728,0
6,2026-01-10 06:12:43,0.25668771502731036,0
6,2026-01-11 09:04:18,0.065,0
6,2026-01-11 11:11:51,0.1534206728983915,0
7,2025-12-07 12:37:42,0.6684622254363884,1
7,2025-12-07 13:26:26,0.08356657416139093,0
7,2025-12-08 11:31:49,0.10115356518371423,0
7,2025-12-09 05:09:42,0.7401922441050652,1
7,2025-12-09 05:40:53,0.06499807688773945,0
7,2025-12-09 11:48:35,0.06331993350682122,0
7,2025-12-09 16:32:41,0.06434674930525083,0
7,2025-12-10 12:28:04,0.03152252645070591,0
7,2025-12-10 17:08:34,0.05858490566037736,0
7,2025-12-11 01:48:10,0.125,0
7,2025-12-11 09:41:58,0.7009119612807774,1
7,2025-12-11 10:01:48,0.07136288895092521,0
7,2025-12-13 11:20:22,0.11159499291825221,0
7,2025-12-13 19:22:15,0.6422286754184396,1
7,2025-12-13 20:03:46,0.09900962341659897,0
7,2025-12-14 02:17:46,0.22964585276072275,0
7,2025-12-14 05:38:49,0.07774555567988471,0
7,2025-12-14 12:19:36,0.0772386715953731,0
7,2025-12-15 12:13:06,0.5849788979951741,1
7,2025-12-15 12:18:39,0.18858971339812888,0
7,2025-12-17 01:03:10,0.18790308747855922,0
7,2025-12-18 12:06:37,0.040597326931901476,0
7,2025-12-18 16:46:00,0.0713456354965789,0
7,2025-12-18 18:44:38,0.08766466026160435,0
7,2025-12-20 01:54:27,0.681056489373947,1
7,2025-12-20 02:02:46,0.16729298801073214,0
7,2025-12-20 06:48:31,0.7200946899614675,1
7,2025-12-20 07:13:21,0.19510701105523545,0
7,2025-12-20 10:22:38,0.1944843855664455,0
7,2025-12-21 04:58:55,0.9450286839199642,1
7,2025-12-21 05:05:48,0.8845270346708297,1
7,2025-12-21 05:13:22,0.828147808435247,1
7,2025-12-21 05:50:11,0.07340375631253429,0
7,2025-12-21 07:45:24,0.13266481110148934,0
7,2025-12-21 13:29:14,0.05162584949899663,0
7,2025-12-21 19:51:23,0.09874445352998673,0
7,2025-12-22 04:58:45,0.867171380161486,1
7,2025-12-22 05:06:39,0.8265734108219971,1
7,2025-12-22 05:33:37,0.11678018847574194,0
7,2025-12-22 08:27:43,0.1657575923862094,0
7,2025-12-22 10:25:29,0.6542698208248481,1
7,2025-12-22 10:33:41,0.2168586329327228,0
7,2025-12-22 12:11:46,0.10784571197004393,0
7,2026-01-05 10:59:12,0.10720738604988829,0
7,2026-01-08 10:12:07,0.021977135492493857,0
7,2026-01-09 06:20:37,0.1,0
7,2026-01-09 09:04:22,0.03858490566037735,0
7,2026-01-09 10:08:22,0.052587239674026606,0
7,2026-01-09 15:25:47,0.17996535395641364,0
7,2026-01-10 08:13:07,0.8298451187448379,1
7,2026-01-10 08:29:05,0.08598837157512022,0
7,2026-01-10 12:43:59,0.6257678270147863,1
7,2026-01-10 12:53:37,0.11279411764705882,0
8,2025-12-08 06:23:50,0.09,0
8,2025-12-08 15:16:13,0.6238295153342885,1
8,2025-12-08 15:47:43,0.17499466781092274,0
8,2025-12-08 21:57:59,0.6135463382901861,1
8,2025-12-08 22:08:22,0.22006378346652572,0
8,2025-12-08 23:49:16,0.1459344923425409,0
8,2025-12-09 03:00:38,0.12824784204440795,0
8,2025-12-09 11:55:11,0.04468085106382979,0
8,2025-12-09 17:04:08,0.015,0
8,2025-12-09 21:40:00,0.02,0
8,2025-12-10 00:29:43,0.005,0
8,2025-12-11 00:33:03,0.005,0
8,2025-12-11 09:23:40,0.04,0
8,2025-12-12 02:06:53,0.01,0
8,2025-12-12 23:52:55,0.014888888888888889,0
8,2025-12-13 04:37:13,0.07903260194366024,0
8,2025-12-13 22:48:12,0.06439708561020036,0
8,2025-12-14 03:59:15,0.13096018851462177,0
8,2025-12-14 06:13:58,0.1237483518526118,0
8,2025-12-14 07:21:35,0.7723883136744821,1
8,2025-12-14 07:38:53,0.8924911387679593,1
8,2025-12-14 07:53:07,0.912303253493987,1
8,2025-12-14 08:00:11,0.7775796342309234,1
8,2025-12-14 08:27:25,0.2659716725992738,0
8,2025-12-15 17:36:12,0.07929025149079597,0
8,2025-12-16 16:13:08,0.05,0
8,2025-12-16 20:08:13,0.0194,0
8,2025-12-17 08:44:05,0.015,0
8,2025-12-17 10:25:19,0.053418722589248846,0
8,2025-12-17 13:34:47,0.0688688044223094,0
8,2025-12-17 18:47:15,0.005,0
8,2025-12-17 20:56:17,0.01,0
8,2026-01-09 12:49:08,0.054077936674030144,0
8,2026-01-09 13:58:58,0.1018300824325575,0
8,2026-01-09 15:15:26,0.05463855421686747,0
8,2026-01-11 06:57:44,0.14407948369565216,0
8,2026-01-11 11:21:29,0.7980787294637613,1
8,2026-01-11 11:27:53,0.7969809395317132,1
8,2026-01-11 11:33:26,0.26533940837963926,0
8,2026-01-11 13:54:37,0.651728441044819,1
8,2026-01-11 14:29:02,0.18325566502463053,0
8,2026-01-12 10:12:31,0.09383967759741477,0
9,2025-12-07 01:18:39,0.10612942281671073,0
9,2025-12-07 21:09:49,0.08715133328346948,0
9,2025-12-08 13:40:32,0.13826352078257367,0
9,2025-12-08 15:35:39,0.20243522028699498,0
9,2025-12-08 17:45:15,0.6440729613955222,1
9,2025-12-08 17:51:36,0.23390598771130963,0
9,2025-12-09 17:34:36,0.10855617698041772,0
9,2025-12-09 23:54:20,0.15022823146662648,0
9,2025-12-10 10:12:18,0.16960067571711387,0
9,2025-12-10 20:35:57,0.10003762924665573,0
9,2025-12-11 01:00:10,0.6275309224699498,1
9,2025-12-11 01:15:21,0.2531354366195561,0
9,2025-12-11 06:50:27,0.0891863751559295,0
9,2025-12-11 14:34:25,0.24914697804462677,0
9,2025-12-12 02:37:24,0.08599142223274804,0
9,2025-12-12 05:50:12,0.046895930426418236,0
9,2025-12-12 15:05:37,0.6220292442494466,1
9,2025-12-12 15:14:19,0.7047662653113008,1
9,2025-12-12 15:41:28,0.3724883800817947,0
9,2025-12-14 00:16:05,0.1092892269597667,0
9,2025-12-14 04:55:03,0.09005714285714288,0
9,2025-12-14 06:41:19,0.025499625750701794,0
9,2025-12-14 12:43:32,0.7686181861645686,1
9,2025-12-14 12:52:44,0.27736821668380024,0
9,2025-12-15 01:18:29,0.22720005417120678,0
9,2025-12-15 07:00:38,0.09887528075009824,0
9,2025-12-17 12:41:03,0.7000738369747833,1
9,2025-12-17 13:11:16,0.07958192327538299,0
9,2025-12-18 11:04:36,0.17124017016906806,0
9,2025-12-18 13:33:12,0.13660362536526577,0
9,2025-12-18 22:18:24,0.1043589133620983,0
9,2025-12-19 00:28:17,0.1527410872125339,0
9,2025-12-19 04:52:13,0.10469392844728155,0
9,2025-12-19 06:50:53,0.014982872023633803,0
9,2025-12-19 09:25:05,0.18091055912053544,0
9,2025-12-19 11:17:19,0.7861594314023606,1
9,2025-12-19 11:41:57,0.8587095931715699,1
9,2025-12-19 11:47:57,0.31587641247641246,0
9,2025-12-19 16:13:40,0.8482886966092467,1
9,2025-12-19 16:21:47,0.7352758994168482,1
9,2025-12-19 16:59:42,0.25352837523342736,0
9,2025-12-19 23:00:06,0.19978538083932776,0
9,2025-12-20 04:50:14,0.6362979918293371,1
9,2025-12-20 05:21:01,0.16547983133509447,0
9,2025-12-20 21:09:39,0.06771763169307748,0
9,2025-12-20 22:34:44,0.07208275580628522,0
9,2025-12-20 23:37:08,0.08411486063146942,0
9,2025-12-22 08:34:10,0.6754078657580955,1
9,2025-12-22 08:43:35,0.24428729914547095,0
9,2026-01-09 10:50:02,0.18074743795664294,0
9,2026-01-11 06:37:16,0.06033333333333333,0
9,2026-01-11 08:06:53,0.07650534198426595,0
9,2026-01-12 00:58:48,0.7372509646042602,1
9,2026-01-12 01:23:12,0.8044312548422335,1
9,2026-01-12 01:36:21,0.8047390078103281,1
10,2025-12-08 02:25:49,0.061077082441392996,0
10,2025-12-09 03:05:55,0.0520853311661926,0
10,2025-12-09 14:52:26,0.6437910063866318,1
10,2025-12-09 15:00:52,0.13639352321184003,0
10,2025-12-09 20:46:35,0.15211054082910683,0
10,2025-12-12 02:19:29,0.012476635514018692,0
10,2025-12-12 05:07:17,0.032261497868665744,0
10,2025-12-12 18:39:56,0.01832100519251494,0
10,2025-12-12 22:15:12,0.07468466024383913,0
10,2025-12-13 19:34:12,0.041561072179755916,0
10,2025-12-13 20:55:58,0.05108207390478713,0
10,2025-12-14 11:53:20,0.07537056972227262,0
10,2025-12-15 06:44:30,0.055452891475918156,0
10,2025-12-16 05:42:09,0.07831788930572749,0
10,2025-12-16 16:00:58,0.24256668294556416,0
10,2025-12-17 00:11:59,0.6702922318074755,1
10,2025-12-17 00:19:32,0.2809662837379051,0
10,2025-12-17 13:24:07,0.7175781840395804,1
10,2025-12-17 13:34:37,0.16002351718066507,0
10,2025-12-17 19:56:37,0.0812039492871544,0
10,2025-12-18 05:33:25,0.0825373021310545,0
10,2025-12-18 07:00:15,0.17817719183506806,0
10,2025-12-18 12:07:45,0.701001701915608,1
10,2025-12-18 13:06:57,0.4070808086698163,0
10,2025-12-18 20:53:10,0.054680077898526774,0
10,2025-12-19 03:07:49,0.12526520054293314,0
10,2025-12-19 07:39:58,0.6555968751805896,1
10,2025-12-19 08:26:57,0.7362192334217506,1
10,2025-12-19 08:48:47,0.4953566575247642,0
10,2025-12-19 10:00:29,0.8105233957269204,1
10,2025-12-19 10:19:09,0.6932925077077491,1
10,2025-12-19 10:24:32,0.21432311791561748,0
10,2025-12-19 14:30:36,0.34741317049961845,0
10,2025-12-19 16:01:21,0.23473404345746768,0
10,2025-12-19 19:51:47,0.039700405946316825,0
10,2025-12-19 23:19:35,0.03782792000083658,0
10,2025-12-20 03:02:21,0.07804611012499808,0
10,2025-12-20 07:10:29,0.2750511906638008,0
10,2025-12-20 09:40:38,0.8161209717023864,1
10,2025-12-20 10:03:46,0.8359653358979763,1
10,2025-12-20 10:46:50,0.27372002367226234,0
10,2025-12-20 21:10:41,0.0866010204258154,0
10,2025-12-21 04:44:20,0.6587491084430158,1
10,2025-12-21 05:11:51,0.13968099566311865,0
10,2025-12-21 07:49:58,0.2864943227054299,0
10,2025-12-21 10:19:27,0.5642923318544529,0
10,2025-12-21 12:52:21,0.7565095621089191,1
10,2025-12-21 13:09:34,0.6760472355166159,1
10,2025-12-21 13:15:44,0.22669793277983888,0
10,2025-12-21 16:48:35,0.6620704887529221,1
10,2025-12-21 16:56:23,0.1969228122194289,0
10,2025-12-21 19:49:59,0.0962663754128989,0
10,2025-12-21 22:21:25,0.21589997984570247,0
10,2025-12-21 23:58:12,0.12012747498888297,0
10,2025-12-22 01:15:55,0.7169509781205532,1
10,2025-12-22 01:45:23,0.84734152845785,1
10,2025-12-22 01:51:42,0.7392560761073089,1
10,2025-12-22 02:48:24,0.27618671618152885,0
10,2025-12-22 08:09:24,0.09637670977538125,0
10,2025-12-22 10:28:36,0.06707181028798062,0
10,2025-12-22 12:18:21,0.2510688340707931,0
10,2026-01-08 09:52:40,0.061874231337459465,0
10,2026-01-09 12:01:00,0.038095107999299674,0
10,2026-01-09 15:15:18,0.05608991278356586,0
10,2026-01-10 09:17:09,0.05181809935887891,0
10,2026-01-10 12:47:05,0.06079681860669948,0
10,2026-01-11 12:20:17,0.14309658122135444,0
10,2026-01-11 13:26:26,0.20364922582774994,0
10,2026-01-11 14:33:31,0.567592381396058,1
10,2026-01-11 14:42:19,0.21256480069191738,0
10,2026-01-11 20:06:57,0.14947650515016864,0
11,2025-12-07 03:01:12,0.015,0
11,2025-12-08 08:49:37,0.0,0
11,2025-12-08 18:43:29,0.02,0
11,2025-12-09 07:58:22,0.03,0
11,2025-12-09 14:27:47,0.037784090909090906,0
11,2025-12-09 22:58:10,0.04,0
11,2025-12-10 15:46:50,0.6564265538651872,1
11,2025-12-10 15:56:24,0.10983799822420899,0
11,2025-12-10 23:58:58,0.06445893759500432,0
11,2025-12-11 05:13:11,0.21073155548014955,0
11,2025-12-11 15:25:25,0.07858728946316589,0
11,2025-12-11 21:42:57,0.09888174854354795,0
11,2025-12-11 22:52:23,0.055161749987020274,0
11,2025-12-12 02:32:33,0.5993490916155038,1
11,2025-12-12 03:03:10,0.17924002235303305,0
11,2025-12-12 07:39:44,0.21320671909811087,0
11,2025-12-12 14:31:51,0.13125049786448628,0
11,2025-12-12 19:34:30,0.05368307103266811,0
11,2025-12-13 00:55:43,0.03384986622968991,0
11,2025-12-13 08:00:26,0.7953321376377523,1
11,2025-12-13 08:25:15,0.6226867324680567,1
11,2025-12-13 09:21:34,0.28343563545325057,0
11,2025-12-13 19:58:52,0.12505373265224493,0
11,2025-12-14 01:59:01,0.11459196416905763,0
11,2025-12-14 04:34:57,0.07387650384151873,0
11,2025-12-14 10:25:32,0.7419501497346205,1
11,2025-12-14 10:41:30,0.13156715837108954,0
11,2025-12-14 21:09:23,0.013619549929676511,0
11,2025-12-14 21:09:23,0.0,0
11,2025-12-14 21:09:23,0.013619549929676511,0
11,2025-12-14 21:09:23,0.0,0
11,2025-12-15 21:22:18,0.01,0
11,2025-12-15 22:38:15,0.007033195020746888,0
11,2025-12-16 11:32:08,0.002784090909090909,0
11,2025-12-16 14:49:12,0.033653248827675536,0
11,2025-12-16 22:37:16,0.007033195020746888,0
11,2025-12-18 11:50:26,0.17919601427999843,0
11,2025-12-18 14:04:55,0.2253354565871625,0
11,2025-12-18 15:54:19,0.7708199673253584,1
11,2025-12-18 16:17:43,0.19824744613464007,0
11,2025-12-19 00:09:49,0.6813046776412228,1
11,2025-12-19 00:36:25,0.19906957379805967,0
11,2025-12-19 06:27:01,0.7420989524101966,1
11,2025-12-19 06:38:22,0.057381512837900744,0
11,2025-12-19 21:34:36,0.07002050496885785,0
11,2025-12-20 00:10:23,0.06679901993113538,0
11,2025-12-20 01:51:47,0.09280667320965423,0
11,2025-12-20 05:18:41,0.15084664918740467,0
11,2025-12-20 06:22:20,0.28679294150221374,0
11,2025-12-20 09:31:36,0.9148169599339186,1
11,2025-12-20 10:24:11,0.7817621643194598,1
11,2025-12-20 10:43:12,0.13232463768115943,0
11,2025-12-20 14:29:16,0.7464291713624341,1
11,2025-12-20 14:44:26,0.07354749981030427,0
11,2025-12-21 05:02:55,0.6509331697139996,1
11,2025-12-21 05:08:57,0.1283953621756752,0
11,2025-12-21 13:44:34,0.0556789711313327,0
11,2026-01-08 13:37:13,0.6950762114888679,1
11,2026-01-08 14:15:08,0.13883517614002153,0
11,2026-01-10 06:12:51,0.053266666666666664,0
11,2026-01-10 23:34:07,0.11705928134140775,0
11,2026-01-12 08:30:03,0.0,0
12,2025-12-07 19:03:58,0.12011371653749776,0
12,2025-12-08 05:24:55,0.14157690295057615,0
12,2025-12-08 11:41:44,0.15629290026013884,0
12,2025-12-08 21:12:53,0.02777460373970041,0
12,2025-12-08 23:57:27,0.14644185522331984,0
12,2025-12-09 01:16:32,0.2298224427992178,0
12,2025-12-09 03:46:25,0.582385251687078,1
12,2025-12-09 04:45:40,0.1740880582782564,0
12,2025-12-09 13:26:54,0.13980337349776767,0
12,2025-12-09 22:29:57,0.10932016012235661,0
12,2025-12-10 05:03:29,0.13512899801066797,0
12,2025-12-10 06:49:33,0.1595556153283167,0
12,2025-12-10 09:57:55,0.18765510935159835,0
12,2025-12-10 20:54:53,0.07716362804195086,0
12,2025-12-11 12:42:46,0.17044401027079686,0
12,2025-12-12 09:52:57,0.1030539523524916,0
12,2025-12-12 21:25:11,0.05552021743160103,0
12,2025-12-13 01:18:18,0.6402607902703538,1
12,2025-12-13 01:44:29,0.6748562812895119,1
12,2025-12-13 02:06:33,0.19865581051047473,0
12,2025-12-13 20:14:36,0.1391070623242922,0
12,2025-12-14 06:11:35,0.5968327964636914,1
12,2025-12-14 06:16:42,0.099368883243142,0
12,2025-12-14 07:34:26,0.24566204646973638,0
12,2025-12-14 14:19:30,0.16690420735942346,0
12,2025-12-14 17:01:59,0.44500166325066154,0
12,2025-12-15 13:50:56,0.13153921084335807,0
12,2025-12-15 20:53:27,0.02777460373970041,0
12,2025-12-15 22:22:28,0.08761363566521316,0
12,2025-12-16 06:36:47,0.1312988255033553,0
12,2025-12-16 09:32:56,0.2010003039710516,0
12,2025-12-16 13:00:21,0.2239968772522372,0
12,2025-12-16 15:50:50,0.5527373855575438,1
12,2025-12-16 15:57:50,0.18584081120312176,0
12,2025-12-16 19:43:17,0.20691953506779828,0
12,2025-12-17 01:04:35,0.1931115127511945,0
12,2025-12-17 05:17:00,0.607218855190293,1
12,2025-12-17 05:57:26,0.6773608357331323,1
12,2025-12-17 06:37:25,0.21649783583997506,0
12,2025-12-17 11:48:02,0.16648200582451694,0
12,2025-12-17 13:40:08,0.12994269277977158,0
12,2025-12-17 20:12:43,0.13385646886501498,0
12,2025-12-17 22:00:26,0.12709175065945805,0
12,2025-12-18 00:48:27,0.6523407063234117,1
12,2025-12-18 00:54:34,0.18105359876634886,0
12,2025-12-18 19:08:52,0.6623703390267909,1
12,2025-12-18 19:20:49,0.21530417563708806,0
12,2025-12-19 00:18:40,0.6662328644761617,1
12,2025-12-19 01:06:27,0.19669712463454522,0
12,2025-12-19 02:17:10,0.213828755040715,0
12,2025-12-19 03:23:03,0.13264962617010898,0
12,2025-12-20 04:13:43,0.14808901125654345,0
12,2025-12-20 06:16:59,0.21944490645628378,0
12,2025-12-20 07:26:25,0.6169515100740987,1
12,2025-12-20 07:42:51,0.3673600638952521,0
12,2025-12-20 10:03:06,0.8133825563401126,1
12,2025-12-20 10:11:40,0.8223436958365631,1
12,2025-12-20 10:25:13,0.8980445601797513,1
12,2025-12-20 10:45:38,0.8978865954868127,1
12,2025-12-20 10:58:30,0.44826375374474486,0
12,2025-12-20 16:08:54,0.28989750274609843,0
12,2025-12-20 17:46:04,0.23326921163207456,0
12,2025-12-21 04:47:21,0.1592535115818394,0
12,2025-12-21 09:42:26,0.2247964382493409,0
12,2025-12-21 12:27:27,0.670229984214128,1
12,2025-12-21 12:46:03,0.8198972387497426,1
12,2025-12-21 13:42:44,0.8619858048489061,1
12,2025-12-21 14:15:14,0.8376881630046786,1
12,2025-12-21 14:38:20,0.8450234638399877,1
12,2025-12-21 14:53:40,0.8308448975052329,1
12,2025-12-21 15:14:21,0.3193996003972309,0
12,2025-12-21 17:54:36,0.7822375010641089,1
12,2025-12-21 17:59:39,0.2552851164625773,0
12,2025-12-21 19:38:52,0.6566641378483655,1
12,2025-12-21 20:09:49,0.33627884494883425,0
12,2025-12-21 22:34:07,0.2102255593642208,0
12,2025-12-22 05:03:26,0.5561750200288508,1
12,2025-12-22 05:11:51,0.18923592128951738,0
12,2025-12-22 08:09:31,0.2168306036070644,0
12,2026-01-08 11:45:56,0.6511645663129139,1
12,2026-01-08 12:14:40,0.15658078098012246,0
12,2026-01-08 14:19:51,0.09935272376221355,0
12,2026-01-08 16:11:00,0.1460102239110274,0
12,2026-01-09 06:47:18,0.11093961837365224,0
12,2026-01-09 09:14:49,0.11528154409923083,0
12,2026-01-10 11:24:41,0.32082801874717704,0
12,2026-01-10 22:52:40,0.06734419716110816,0
12,2026-01-11 07:31:33,0.07753885351963959,0
12,2026-01-11 12:18:31,0.16743586835457436,0
12,2026-01-11 18:03:33,0.7452007087291644,1
12,2026-01-11 18:14:53,0.7126789958481052,1
12,2026-01-11 18:23:14,0.3062944787276564,0
12,2026-01-12 16:24:56,0.6471507316888959,1
13,2025-12-09 02:18:09,0.07685,0
13,2025-12-09 04:47:59,0.108950549505192,0
13,2025-12-09 21:36:17,0.1755230689377807,0
13,2025-12-10 19:45:19,0.1420167738927055,0
13,2025-12-11 16:28:46,0.2637797963477329,0
13,2025-12-11 19:50:04,0.5983888995520885,1
13,2025-12-11 20:03:22,0.14635722416342536,0
13,2025-12-12 05:29:05,0.40391730326281683,0
13,2025-12-13 00:15:06,0.1853781605668078,0
13,2025-12-13 01:36:56,0.09111902746199096,0
13,2025-12-13 19:23:51,0.8587864103629765,1
13,2025-12-13 19:31:32,0.674196844848952,1
13,2025-12-13 19:41:44,0.1878864958420795,0
13,2025-12-14 00:50:37,0.18814586063348315,0
13,2025-12-14 08:39:51,0.3860966305837603,0
13,2025-12-14 12:08:53,0.7106386835787528,1
13,2025-12-14 12:56:34,0.23980886141303906,0
13,2025-12-17 09:35:48,0.19022598070615832,0
13,2025-12-18 03:49:21,0.24403307430742094,0
13,2025-12-18 05:07:29,0.6697963820760603,1
13,2025-12-18 05:35:25,0.2668202084768097,0
13,2025-12-18 08:37:34,0.20867101951497516,0
13,2025-12-18 12:44:33,0.30554880992514843,0
13,2025-12-18 14:55:51,0.24685164569483803,0
13,2025-12-18 16:18:25,0.5905154117883853,1
13,2025-12-18 16:33:16,0.19519160870637392,0
13,2025-12-19 06:24:09,0.827465183447923,1
13,2025-12-19 06:37:39,0.6463740134348501,1
13,2025-12-19 07:08:16,0.15415763967929247,0
13,2025-12-19 22:37:28,0.7360976366289809,1
13,2025-12-19 22:46:55,0.11099515647382203,0
13,2025-12-20 06:22:41,0.41431265713141,0
13,2025-12-20 10:15:05,0.8215636003392045,1
13,2025-12-20 10:26:37,0.751999025039702,1
13,2025-12-20 10:41:12,0.6694734250175607,1
13,2025-12-20 10:49:52,0.28471087902002945,0
13,2025-12-20 14:52:43,0.0834697633288385,0
13,2025-12-20 19:39:24,0.12295129889555531,0
13,2025-12-20 22:13:56,0.12378603748755591,0
13,2025-12-21 04:57:47,0.7531783733647557,1
13,2025-12-21 05:08:36,0.7085089770610566,1
13,2025-12-21 05:14:03,0.19275204528483367,0
13,2025-12-21 09:43:44,0.18399537726176782,0
13,2025-12-21 13:10:34,0.6121252194517581,1
13,2025-12-21 13:27:00,0.2047895953179973,0
13,2025-12-21 15:44:05,0.16993719386694345,0
13,2026-01-08 11:52:52,0.713129615907524,1
13,2026-01-08 12:02:16,0.11942126333453228,0
13,2026-01-09 06:18:38,0.740972403945282,1
13,2026-01-09 06:51:11,0.15950267127920964,0
13,2026-01-10 06:12:18,0.7368948547713771,1
13,2026-01-10 06:19:50,0.19600104368766172,0
13,2026-01-10 21:04:41,0.7272224996027924,1
13,2026-01-10 21:21:21,0.10977197801810057,0
13,2026-01-11 11:11:59,0.7643965833413041,1
13,2026-01-11 11:22:08,0.23119137300698514,0
13,2026-01-11 17:08:58,0.7122060200762771,1
13,2026-01-11 17:47:43,0.2475665325420399,0
14,2025-12-08 14:19:21,0.43759645845538875,1
14,2025-12-08 14:56:46,0.4658227162070962,1
14,2025-12-08 15:46:28,0.3738325873452286,0
14,2025-12-09 07:24:45,0.21619812978380767,0
14,2025-12-09 09:27:16,0.4172132786174167,0
14,2025-12-09 14:21:12,0.5619079079703567,0
14,2025-12-09 16:35:25,0.5473153155092446,1
14,2025-12-09 16:54:16,0.4937143067684412,0
14,2025-12-11 01:09:15,0.39622654473954794,0
14,2025-12-11 16:16:59,0.5207997327693258,0
14,2025-12-11 22:09:21,0.5087340918209347,0
14,2025-12-12 04:24:24,0.19943379508122852,0
14,2025-12-12 11:56:00,0.298032832087097,0
14,2025-12-13 00:28:07,0.15838265094013018,0
14,2025-12-13 18:21:46,0.7232694013446073,1
14,2025-12-13 19:17:19,0.7247224929609721,1
14,2025-12-13 19:34:52,0.5994772946404062,1
14,2025-12-13 20:18:07,0.5414254234650092,0
14,2025-12-14 03:52:53,0.1769796871552869,0
14,2025-12-14 06:06:44,0.45327877277918666,0
14,2025-12-14 23:59:11,0.19006959066161172,0
14,2025-12-15 07:32:32,0.52464824247599,0
14,2025-12-16 14:48:39,0.24576549419690533,0
14,2025-12-17 21:03:58,0.20618614698958093,0
14,2025-12-18 08:27:45,0.47909715017322296,0
14,2025-12-18 11:18:45,0.5743883388058806,1
14,2025-12-18 12:06:56,0.43231299594620154,0
14,2025-12-18 13:48:34,0.5098075671244812,0
14,2025-12-18 14:55:44,0.6357103428878942,1
14,2025-12-18 15:16:14,0.5952939073178501,0
14,2025-12-19 04:09:03,0.20283168468386087,0
14,2025-12-19 05:42:05,0.25439477423217244,0
14,2026-01-08 12:08:50,0.2419781890877901,0
14,2026-01-09 06:20:32,0.24979450553804716,0
14,2026-01-09 13:17:02,0.46976340272726475,0
14,2026-01-10 06:13:09,0.4245814983531971,1
14,2026-01-10 06:37:40,0.5477731568196972,0
15,2025-12-07 05:08:57,0.07824541262846767,0
15,2025-12-07 12:59:42,0.2856177746163271,0
15,2025-12-07 21:11:05,0.7130144908991347,1
15,2025-12-07 21:25:11,0.7563864733772765,1
15,2025-12-07 21:35:45,0.696232399131413,1
15,2025-12-07 21:49:04,0.28525599972737103,0
15,2025-12-08 04:35:11,0.7859891292623918,1
15,2025-12-08 04:44:11,0.16774218898015053,0
15,2025-12-08 15:40:09,0.12842124256299403,0
15,2025-12-08 21:54:44,0.7823629837858348,1
15,2025-12-08 22:03:33,0.17083262903576432,0
15,2025-12-09 14:09:12,0.13746165382272454,0
15,2025-12-09 23:55:17,0.03649290845459569,0
15,2025-12-10 21:39:57,0.7463028317031987,1
15,2025-12-10 21:52:46,0.24802050679692578,0
15,2025-12-11 00:59:04,0.7141528586026253,1
15,2025-12-11 01:07:43,0.18918097657205035,0
15,2025-12-11 06:46:55,0.24688389019968907,0
15,2025-12-12 08:50:06,0.02834990546959272,0
15,2025-12-12 22:17:20,0.0652808988764045,0
15,2025-12-13 01:25:55,0.1962843991574499,0
15,2025-12-13 04:57:22,0.27165804672818317,0
15,2025-12-13 11:10:37,0.8247649076478186,1
15,2025-12-13 11:34:30,0.679384460673328,1
15,2025-12-13 11:42:26,0.14617930804434778,0
15,2025-12-14 01:22:32,0.0643278502910988,0
15,2025-12-14 04:56:10,0.2383521957064677,0
15,2025-12-14 12:53:43,0.7220484606038631,1
15,2025-12-14 12:58:56,0.14944076313085083,0
15,2025-12-15 02:12:52,0.045892400931960564,0
15,2025-12-16 01:24:52,0.012640449438202249,0
15,2025-12-16 04:44:58,0.04579128297500624,0
15,2025-12-16 23:13:11,0.036727405959941374,0
15,2025-12-17 08:08:42,0.007493368700265252,0
15,2025-12-17 08:08:42,0.002493368700265252,0
15,2025-12-17 08:08:42,0.002493368700265252,0
15,2025-12-17 08:08:42,0.002493368700265252,0
15,2025-12-17 18:30:12,0.08278774392331392,0
15,2025-12-17 20:34:44,0.8176185840841509,1
15,2025-12-17 20:46:52,0.2743936568968786,0
15,2025-12-17 23:36:04,0.21824991645889838,0
15,2025-12-18 08:47:33,0.06631972441402684,0
15,2025-12-19 01:00:30,0.04637392213221845,0
15,2025-12-19 03:37:57,0.2703001579475572,0
15,2025-12-19 06:14:08,0.578832904279097,1
15,2025-12-19 06:46:57,0.8234007793959742,1
15,2025-12-19 06:56:34,0.7296735221228003,1
15,2025-12-19 07:48:21,0.379771151852973,0
15,2025-12-19 11:17:15,0.8261456521451456,1
15,2025-12-19 11:42:01,0.7114445101847062,1
15,2025-12-19 11:47:55,0.09391146028859655,0
15,2025-12-19 12:52:53,0.21789162428039,0
15,2025-12-19 14:40:39,0.6364737083776403,1
15,2025-12-19 14:58:55,0.11628917842356232,0
15,2025-12-19 16:40:16,0.05927996404033532,0
15,2025-12-19 17:58:43,0.07742659678582539,0
15,2025-12-19 21:03:25,0.14101210783949727,0
15,2025-12-20 03:38:42,0.1400238414118401,0
15,2025-12-20 11:13:30,0.8177213511298911,1
15,2025-12-20 11:24:46,0.25961714689003157,0
15,2025-12-22 08:53:15,0.7324597201285511,1
15,2025-12-22 09:08:05,0.1729017646023788,0
15,2026-01-09 14:55:04,0.13298297704428028,0
15,2026-01-10 06:19:18,0.06131351454440921,0
15,2026-01-11 07:18:13,0.04834990546959272,0
15,2026-01-11 14:26:20,0.83835605836666,1
15,2026-01-11 14:44:15,0.31639606504059725,0
15,2026-01-11 19:57:08,0.7229218335282583,1
16,2025-12-08 02:05:38,0.1078727148417384,0
16,2025-12-08 05:34:07,0.09917035516720615,0
16,2025-12-08 07:32:15,0.2373943206760109,0
16,2025-12-09 01:10:09,0.15525393625302716,0
16,2025-12-09 15:21:51,0.08318647308156735,0
16,2025-12-09 23:12:23,0.5974686926698631,1
16,2025-12-09 23:18:44,0.22117470777602882,0
16,2025-12-10 13:58:58,0.68913928633505,1
16,2025-12-10 14:24:22,0.19418371704011084,0
16,2025-12-10 19:37:33,0.13565062065860298,0
16,2025-12-11 01:20:49,0.14091130271111144,0
16,2025-12-11 03:39:59,0.16284186896486308,0
16,2025-12-11 05:49:42,0.6115385882525015,1
16,2025-12-11 05:59:14,0.26601273324699953,0
16,2025-12-11 11:52:26,0.15603920392615098,0
16,2025-12-12 05:29:58,0.14649844480189786,0
16,2025-12-12 18:06:05,0.21916920722229818,0
16,2025-12-12 20:22:58,0.17849787522311428,0
16,2025-12-13 19:55:42,0.6184171534117506,1
16,2025-12-13 20:53:45,0.1340494722014201,0
16,2025-12-14 12:22:28,0.1384167486948059,0
16,2025-12-14 16:29:01,0.09031846576215961,0
16,2025-12-15 16:39:39,0.08591760935425466,0
16,2025-12-16 11:32:49,0.06586701631260647,0
16,2025-12-16 14:48:43,0.09449586027947555,0
16,2025-12-19 05:44:26,0.19643805060634925,0
16,2025-12-19 07:22:46,0.706505521392148,1
16,2025-12-19 07:56:54,0.7962680266939571,1
16,2025-12-19 08:21:19,0.7731500641213603,1
16,2025-12-19 09:11:05,0.34133611121197993,0
16,2025-12-19 10:39:04,0.5896907731221122,1
16,2025-12-19 10:54:37,0.17025572769145836,0
16,2025-12-19 12:26:58,0.12924905589033087,0
16,2025-12-19 14:04:13,0.2226352210806663,0
16,2025-12-19 15:59:02,0.13977651707421893,0
16,2025-12-19 17:08:40,0.6298513713973721,1
16,2025-12-19 17:15:44,0.21341156598105615,0
16,2025-12-19 21:10:49,0.2586717926575815,0
16,2025-12-19 22:25:25,0.8455117582355207,1
16,2025-12-19 23:24:54,0.8930352571686515,1
16,2025-12-19 23:42:17,0.8885404411078678,1
16,2025-12-19 23:58:51,0.8774199608588883,1
16,2025-12-20 00:31:17,0.7239355925038592,1
16,2025-12-20 01:01:26,0.27709751132643956,0
16,2025-12-20 06:18:31,0.8106791785860085,1
16,2025-12-20 06:43:02,0.8008859725676148,1
16,2025-12-20 07:25:29,0.3194809001305994,0
16,2025-12-20 14:01:30,0.858737012098849,1
16,2025-12-20 14:28:38,0.7829262347594751,1
16,2025-12-20 14:50:45,0.2656699944497601,0
16,2025-12-20 16:44:20,0.1904844408324741,0
16,2025-12-20 21:26:39,0.8622731721103524,1
16,2025-12-20 22:05:48,0.9155731238293021,1
16,2025-12-20 22:44:26,0.9105731238293021,1
16,2025-12-20 23:37:19,0.4734567798085179,0
16,2025-12-21 01:13:38,0.30748645949174225,0
16,2025-12-21 04:26:36,0.7715508433280824,1
16,2025-12-21 04:37:03,0.8239040712752356,1
16,2025-12-21 05:01:14,0.8468142689937627,1
16,2025-12-21 05:18:16,0.199668926338602,0
16,2025-12-21 06:37:38,0.1328636483064078,0
16,2025-12-21 07:51:13,0.2205392671013979,0
16,2025-12-21 09:47:52,0.09383065312764927,0
16,2025-12-21 12:45:02,0.7810266519671056,1
17,2025-12-07 13:40:05,0.26407830884156686,0
17,2025-12-08 12:43:04,0.5293243598218573,0
17,2025-12-09 03:01:57,0.15802502606379995,0
17,2025-12-10 11:10:16,0.6233841791308485,1
17,2025-12-10 11:16:59,0.25718075213160985,0
17,2025-12-10 14:22:05,0.43776827392515694,0
17,2025-12-11 02:43:10,0.2076714411143756,0
17,2025-12-11 17:49:21,0.2098166738949751,0
17,2025-12-11 19:55:42,0.3587705681360571,0
17,2025-12-12 20:25:50,0.18336505027383457,0
17,2025-12-13 01:18:28,0.5889619547549397,1
17,2025-12-13 02:06:02,0.4918766739800067,0
17,2025-12-13 19:37:06,0.7366750673552981,1
17,2025-12-13 19:46:54,0.43905230592810846,0
17,2025-12-13 23:33:31,0.6042895914461225,1
17,2025-12-13 23:39:15,0.3018479939670748,0
17,2025-12-15 05:20:19,0.25794497886998924,0
17,2025-12-15 13:42:56,0.5876524822943872,1
17,2025-12-15 14:03:25,0.43379654574244486,0
17,2025-12-16 02:05:00,0.6316377601736269,1
17,2025-12-16 02:38:22,0.565791075460142,1
17,2025-12-16 03:16:09,0.566788352696231,0
17,2025-12-16 14:14:34,0.228958558731779,0
17,2026-01-09 13:47:05,0.1660710195714254,0
17,2026-01-10 06:12:37,0.4854661722818244,1
17,2026-01-10 06:37:50,0.4225953442008544,0
17,2026-01-10 09:10:13,0.38213946394624865,0
17,2026-01-10 16:09:43,0.5557338985155634,0
17,2026-01-10 21:37:47,0.5288503370478805,1
17,2026-01-10 21:52:12,0.46855459370328395,0
17,2026-01-11 06:30:30,0.5754810966236866,1
17,2026-01-11 06:49:57,0.5492720736066228,0
17,2026-01-11 17:19:11,0.565463396062891,1
18,2025-12-08 06:19:48,0.14630347748227007,0
18,2025-12-08 19:05:05,0.20400789440663583,0
18,2025-12-09 08:23:54,0.16249717194536945,0
18,2025-12-09 16:50:58,0.12992347882222025,0
18,2025-12-09 22:00:08,0.19435030685655388,0
18,2025-12-09 23:34:14,0.5799756835395423,1
18,2025-12-09 23:48:37,0.21534612350954582,0
18,2025-12-12 04:59:31,0.7582070976100118,1
18,2025-12-12 05:13:14,0.17332414605788687,0
18,2025-12-12 18:34:09,0.07607189911537737,0
18,2025-12-13 01:37:19,0.16892108754178958,0
18,2025-12-13 20:00:02,0.6724090916339338,1
18,2025-12-13 20:58:42,0.21006569943916467,0
18,2025-12-15 13:54:37,0.14439818041037553,0
18,2025-12-15 20:27:23,0.6314511706917909,1
18,2025-12-15 20:33:47,0.194962536882622,0
18,2025-12-16 01:24:10,0.19804689835843534,0
18,2025-12-16 06:19:55,0.5915719056866615,1
18,2025-12-16 06:25:35,0.19462328798222764,0
18,2025-12-16 12:44:37,0.1307024977895011,0
18,2025-12-18 13:46:55,0.0826190476190476,0
18,2025-12-18 16:38:16,0.10631423522352974,0
18,2025-12-18 21:49:47,0.09658797165868262,0
18,2025-12-19 00:06:37,0.09274403291681044,0
18,2025-12-19 15:49:34,0.14464409410766224,0
18,2025-12-20 02:08:53,0.21813223704639204,0
18,2025-12-20 10:04:52,0.05156606807826321,0
18,2025-12-21 07:24:06,0.6908007618898797,1
18,2025-12-21 07:31:22,0.16474422741431255,0
18,2025-12-21 10:07:24,0.1758695199024986,0
18,2025-12-21 14:14:10,0.6809795171821164,1
18,2025-12-21 14:36:25,0.8391279531692172,1
18,2025-12-21 14:45:37,0.8174754206421341,1
18,2025-12-21 15:19:08,0.8481668814728046,1
18,2025-12-21 15:29:41,0.7240472376280376,1
18,2025-12-21 15:38:37,0.20352895689726466,0
18,2025-12-21 17:04:58,0.10976973560550071,0
18,2025-12-21 19:40:45,0.07000681443704174,0
18,2025-12-21 22:45:17,0.3921581620879288,0
18,2025-12-21 23:45:48,0.810032558627753,1
18,2025-12-22 00:35:09,0.936474575082779,1
18,2025-12-22 01:04:11,0.9557904474496258,1
18,2025-12-22 01:58:11,0.9670120031771802,1
18,2025-12-22 02:28:34,0.9546884737654154,1
18,2025-12-22 03:00:32,0.7865063840860326,1
18,2025-12-22 03:34:10,0.18067711154135835,0
18,2025-12-22 05:12:37,0.07249615472247052,0
18,2025-12-22 08:11:03,0.2530772703959599,0
18,2025-12-22 12:15:19,0.6153159905728782,1
18,2025-12-22 12:44:09,0.24663840651231542,0
18,2026-01-08 09:53:28,0.07187675070028011,0
18,2026-01-09 09:25:30,0.24042923317892545,0
18,2026-01-10 06:42:59,0.25203252122089237,0
18,2026-01-10 09:08:24,0.7353905346167806,1
18,2026-01-10 09:43:03,0.7191728050337212,1
18,2026-01-10 09:53:53,0.2748540017608953,0
18,2026-01-10 11:09:28,0.16859043985746772,0
18,2026-01-11 00:27:46,0.18262184496784378,0
18,2026-01-11 11:10:52,0.06893786295005806,0
18,2026-01-11 13:31:46,0.15451525072451128,0
19,2025-12-07 05:27:28,0.1718936721208206,0
19,2025-12-08 19:09:42,0.27915756292572275,0
19,2025-12-10 01:40:21,0.4325089110283676,0
19,2025-12-10 08:58:35,0.46064483735804534,0
19,2025-12-11 00:11:21,0.4765502709909269,0
19,2025-12-11 02:09:47,0.5034642151719609,0
19,2025-12-12 17:24:57,0.5532626778965148,1
19,2025-12-12 18:19:10,0.36385843258882195,0
19,2025-12-13 11:24:36,0.3071790595372202,0
19,2025-12-13 20:53:03,0.23672930312427012,0
19,2025-12-14 02:02:24,0.2370971965196122,0
19,2025-12-14 17:23:07,0.30847860594615506,0
19,2025-12-14 22:55:00,0.16623899217486,0
19,2025-12-17 04:02:29,0.25088304827297014,0
19,2025-12-17 14:03:02,0.2817176222799264,0
19,2025-12-18 00:21:47,0.2016299042843454,0
19,2025-12-18 05:30:27,0.24111893607994578,0
19,2025-12-18 07:10:29,0.5625976830739833,1
19,2025-12-18 07:34:46,0.521844447023551,0
19,2025-12-18 10:19:33,0.5236735161354291,0
19,2025-12-18 15:29:34,0.33419775621925496,0
19,2025-12-18 19:34:39,0.29162557142899265,0
19,2025-12-19 01:24:10,0.27570308342391364,0
19,2026-01-08 11:24:08,0.20370308607074894,0
20,2025-12-07 03:00:55,0.035,0
20,2025-12-07 13:12:23,0.04,0
20,2025-12-08 02:09:34,0.049789644012944986,0
20,2025-12-08 11:02:55,0.16,0
20,2025-12-09 13:07:20,0.7034582982806192,1
20,2025-12-09 13:14:48,0.2983956028325538,0
20,2025-12-09 14:26:22,0.823265471991276,1
20,2025-12-09 14:43:22,0.9096308816754056,1
20,2025-12-09 14:48:52,0.8614446071656018,1
20,2025-12-09 15:15:32,0.21432489763675952,0
20,2025-12-09 16:48:35,0.09743632411735309,0
20,2025-12-09 22:29:23,0.7963919440784889,1
20,2025-12-09 22:35:31,0.7938480383912622,1
20,2025-12-09 22:47:37,0.41541372856983677,0
20,2025-12-10 04:33:18,0.0861297465759042,0
20,2025-12-10 19:36:37,0.026608695652173914,0
20,2025-12-11 01:23:10,0.20006325794695,0
20,2025-12-11 03:32:38,0.0344758064516129,0
20,2025-12-11 05:12:27,0.0487286800148313,0
20,2025-12-11 10:20:25,0.6544149899184215,1
20,2025-12-11 10:36:48,0.2813471046873156,0
20,2025-12-11 11:49:55,0.17805260815798896,0
20,2025-12-11 14:12:55,0.25120156999256166,0
20,2025-12-11 23:03:41,0.15753437962409012,0
20,2025-12-12 00:40:45,0.8284432765949387,1
20,2025-12-12 01:32:26,0.9020369089008347,1
20,2025-12-12 02:16:25,0.9188611024492217,1
20,2025-12-12 02:25:14,0.8360599848806243,1
20,2025-12-12 03:06:40,0.19209393622062032,0
20,2025-12-12 05:02:06,0.05632658770190512,0
20,2025-12-12 22:36:28,0.044144915667688876,0
20,2025-12-13 00:34:51,0.06284491566768888,0
20,2025-12-13 01:59:39,0.03976102941176471,0
20,2025-12-13 20:01:47,0.005,0
20,2025-12-14 00:38:26,0.6495411725743595,1
20,2025-12-14 00:47:09,0.21159182776619898,0
20,2025-12-14 03:59:36,0.028198618513841023,0
20,2025-12-14 06:16:21,0.025012344004037103,0
20,2025-12-14 07:35:06,0.005,0
20,2025-12-15 06:52:58,0.04,0
20,2025-12-16 23:44:21,0.6912482647026001,1
20,2025-12-17 00:37:19,0.08379807715190023,0
20,2025-12-17 11:20:28,0.03748171152518978,0
20,2025-12-17 19:06:01,0.016608695652173912,0
20,2025-12-18 00:31:34,0.09088938149972632,0
20,2025-12-18 05:36:51,0.015,0
20,2025-12-18 15:55:55,0.09735441838426911,0
20,2026-01-09 13:37:47,0.07793650793650793,0
20,2026-01-11 15:05:12,0.085,0
20,2026-01-11 18:14:14,0.02,0
22,2025-12-07 10:12:12,0.05339962121212122,0
22,2025-12-08 05:48:19,0.034166666666666665,0
22,2025-12-08 08:35:27,0.13803715809510883,0
22,2025-12-08 12:39:53,0.6116623937465541,1
22,2025-12-08 12:54:40,0.01885416666666667,0
22,2025-12-08 12:54:40,0.065995670995671,0
22,2025-12-08 12:54:40,0.04741333053378126,0
22,2025-12-08 12:54:40,0.09196497311163354,0
22,2025-12-09 11:18:59,0.095,0
22,2025-12-09 16:55:03,0.02916666666666667,0
22,2025-12-10 09:03:00,0.06416666666666666,0
22,2025-12-10 19:52:50,0.03,0
22,2025-12-11 16:32:49,0.07,0
22,2025-12-12 21:02:10,0.04,0
22,2025-12-13 19:11:43,0.025,0
22,2025-12-14 12:24:31,0.6381736277414468,1
22,2025-12-14 13:06:05,0.1119615065293257,0
22,2025-12-14 21:09:23,0.008571428571428572,0
22,2025-12-14 21:09:23,0.0,0
22,2025-12-14 21:09:23,0.008571428571428572,0
22,2025-12-14 21:09:23,0.0,0
22,2025-12-16 14:48:30,0.0146875,0
22,2025-12-16 19:47:25,0.013125,0
22,2025-12-17 11:41:04,0.7058897748153253,1
22,2025-12-17 12:19:10,0.3367518227136636,0
22,2025-12-18 11:26:04,0.18931621193134351,0
22,2025-12-18 14:09:58,0.1010835303388495,0
22,2025-12-18 15:45:36,0.7281086743368564,1
22,2025-12-18 16:19:26,0.8298570858715583,1
22,2025-12-18 16:31:58,0.8379468359559891,1
22,2025-12-18 16:56:43,0.2720295055821371,0
22,2025-12-18 21:40:16,0.1740909090909091,0
22,2025-12-19 05:04:14,0.04943675889328063,0
22,2026-01-08 10:57:14,0.0,0
22,2026-01-08 14:31:54,0.0653908896462088,0
22,2026-01-09 06:19:02,0.675584301749984,1
22,2026-01-09 06:47:40,0.045,0
22,2026-01-09 09:09:10,0.055,0
22,2026-01-10 06:12:16,0.055,0
22,2026-01-10 16:24:04,0.04275462962962963,0
22,2026-01-11 13:12:03,0.015,0
22,2026-01-11 14:30:01,0.05015793510075425,0
23,2025-12-08 21:00:25,0.7502714296013082,1
23,2025-12-08 21:59:29,0.08799678895290045,0
23,2025-12-09 07:27:17,0.12244468542103676,0
23,2025-12-09 21:43:54,0.022025079799361608,0
23,2025-12-11 11:35:17,0.10628221837384606,0
23,2025-12-11 17:47:02,0.03361754930972246,0
23,2025-12-11 20:09:22,0.10811395678429683,0
23,2025-12-12 18:28:04,0.05568583322706298,0
23,2025-12-13 00:37:09,0.1561205535028617,0
23,2025-12-13 20:06:59,0.7075633500898162,1
23,2025-12-13 20:47:27,0.13506956076357646,0
23,2025-12-14 11:02:11,0.06585308925040337,0
23,2025-12-14 12:13:09,0.041984872196139805,0
23,2025-12-15 17:18:09,0.2733130663081278,0
23,2025-12-16 03:33:11,0.15404347826086956,0
23,2025-12-16 14:53:57,0.05835552635315429,0
23,2025-12-16 22:00:55,0.009333333333333334,0
23,2025-12-16 23:29:46,0.027691746466028275,0
23,2025-12-17 19:14:43,0.1288333767525733,0
23,2025-12-18 01:50:07,0.039068432671081676,0
23,2025-12-18 13:16:07,0.06517004089511198,0
23,2025-12-18 15:59:19,0.044414254156798005,0
23,2025-12-19 14:34:25,0.12399435149753582,0
23,2025-12-19 16:05:13,0.07023764011495486,0
23,2025-12-20 10:47:25,0.6423557652435625,1
23,2025-12-20 10:56:02,0.13186122254483157,0
23,2025-12-21 04:29:27,0.9151965134292813,1
23,2025-12-21 04:52:02,0.8693588582705444,1
23,2025-12-21 05:02:36,0.8674601654600868,1
23,2025-12-21 05:14:40,0.09333452853584133,0
23,2025-12-21 11:54:30,0.09804513428511698,0
23,2025-12-21 13:47:44,0.048401383384314586,0
23,2025-12-21 15:25:45,0.04981450936709888,0
23,2025-12-21 16:57:13,0.029077663959515162,0
23,2025-12-22 01:09:39,0.10794444444444444,0
23,2025-12-22 04:56:17,0.7993434056094226,1
23,2025-12-22 05:07:37,0.8224601654600867,1
23,2025-12-22 05:13:58,0.09783587509077706,0
23,2025-12-22 08:10:14,0.0919101952254214,0
23,2025-12-22 09:25:01,0.03342578930372358,0
23,2025-12-22 10:30:58,0.024092455970390243,0
23,2026-01-05 09:10:38,0.7133610629741274,1
23,2026-01-05 09:18:48,0.2334546992516165,0
23,2026-01-08 10:15:29,0.2052001202898815,0
23,2026-01-08 14:36:43,0.6797535242832623,1
23,2026-01-08 14:43:22,0.7479016831696876,1
23,2026-01-08 14:49:17,0.21242857142857144,0
23,2026-01-09 06:47:53,0.12369325088525976,0
23,2026-01-09 10:24:12,0.1064804331323787,0
23,2026-01-09 14:53:27,0.08921769183258935,0
23,2026-01-11 19:53:55,0.6938135658294696,1
24,2025-12-08 17:26:52,0.28214495155030145,0
24,2025-12-08 23:13:43,0.22152482868160273,0
24,2025-12-09 01:28:27,0.18500399973471307,0
24,2025-12-09 07:21:43,0.6028667324615228,1
24,2025-12-09 07:45:50,0.5469293411040136,0
24,2025-12-09 09:12:54,0.596907716111511,1
24,2025-12-09 09:48:57,0.5682551338892299,0
24,2025-12-09 15:23:33,0.6130450372061913,1
24,2025-12-09 16:21:01,0.5862630822789203,1
24,2025-12-09 16:49:22,0.5185808543947307,0
24,2025-12-10 08:59:39,0.5197096880004006,0
24,2025-12-11 16:05:20,0.18690110279736202,0
24,2025-12-12 04:28:07,0.2390754259268114,0
24,2025-12-12 22:59:23,0.13439654781005536,0
24,2025-12-13 01:18:31,0.6102550985467166,1
24,2025-12-13 02:01:10,0.5415634281421502,0
24,2025-12-13 06:47:21,0.45501297340718366,0
24,2025-12-13 19:30:14,0.74358785957032,1
24,2025-12-13 19:41:41,0.16115093395226193,0
24,2025-12-14 05:40:14,0.20426577086361658,0
24,2025-12-14 10:52:23,0.24560219640499906,0
24,2025-12-15 15:37:51,0.5700244823454717,0
24,2025-12-15 19:52:38,0.4086945410009214,0
24,2025-12-15 21:28:09,0.5229031603447306,0
24,2025-12-16 14:39:32,0.25251129709545944,0
24,2025-12-17 12:26:10,0.36993182778746997,0
24,2025-12-17 15:49:13,0.37776914791486105,0
24,2025-12-18 05:30:56,0.21046947006667346,0
24,2025-12-18 12:21:22,0.5483981914374472,0
24,2025-12-19 02:47:40,0.14676249784814194,0
24,2026-01-10 06:13:05,0.3371304372610829,0
24,2026-01-10 09:46:13,0.3301148208317168,0
24,2026-01-11 11:44:16,0.25899336689561997,0
24,2026-01-11 17:24:56,0.5354648597338969,1
25,2025-12-08 07:56:14,0.09382682239226742,0
25,2025-12-08 09:53:06,0.06882682239226742,0
25,2025-12-08 16:06:59,0.05139165955147844,0
25,2025-12-08 18:58:22,0.035835679099225894,0
25,2025-12-09 07:51:57,0.05,0
25,2025-12-09 19:31:22,0.10016382894555186,0
25,2025-12-10 03:59:08,0.12568284174543282,0
25,2025-12-10 20:55:55,0.10721702490854597,0
25,2025-12-11 04:14:46,0.6998743906118022,1
25,2025-12-11 04:59:18,0.08168299986875377,0
25,2025-12-12 12:18:12,0.11536855849471522,0
25,2025-12-12 15:10:38,0.17322801813474104,0
25,2025-12-12 18:42:24,0.08838028909602319,0
25,2025-12-13 01:16:34,0.7017715892754367,1
25,2025-12-13 01:52:46,0.15806418918918919,0
25,2025-12-13 03:31:25,0.045,0
25,2025-12-13 19:28:43,0.6946546643839432,1
25,2025-12-13 19:44:39,0.1641891891891892,0
25,2025-12-15 14:12:05,0.7022072265276057,1
25,2025-12-15 14:21:15,0.691746707022378,1
25,2025-12-15 14:54:32,0.13343382352941177,0
25,2025-12-15 19:26:57,0.1287323943661972,0
25,2025-12-16 01:57:44,0.085,0
25,2025-12-16 04:52:55,0.035,0
25,2025-12-16 21:49:55,0.18787904624074442,0
25,2025-12-17 02:14:43,0.6891491961948436,1
25,2025-12-17 02:20:49,0.14455882352941177,0
25,2025-12-18 05:07:05,0.7139209906430802,1
25,2025-12-18 05:34:02,0.14998123732251523,0
25,2025-12-18 10:04:43,0.02,0
25,2025-12-18 13:30:47,0.015,0
25,2025-12-18 15:42:27,0.005,0
25,2025-12-18 16:59:06,0.005,0
25,2025-12-19 00:04:56,0.1,0
25,2025-12-19 05:16:10,0.04,0
25,2026-01-08 11:14:15,0.10866863905325444,0
25,2026-01-09 09:24:12,0.13613457007617186,0
25,2026-01-10 20:20:09,0.9034304248478486,1
25,2026-01-10 20:42:27,0.815746647176349,1
25,2026-01-10 21:34:32,0.21432805429864252,0
26,2025-12-07 21:45:38,0.09303319861511934,0
26,2025-12-08 05:17:50,0.1497688548292392,0
26,2025-12-08 08:13:09,0.4093025742048348,0
26,2025-12-08 14:21:24,0.6917623572614525,1
26,2025-12-08 15:16:18,0.31516565262322777,0
26,2025-12-09 04:40:15,0.1561561435093783,0
26,2025-12-09 09:18:41,0.28490402287065814,0
26,2025-12-09 18:43:19,0.20845089589841748,0
26,2025-12-09 23:11:53,0.10439100170048828,0
26,2025-12-10 02:34:16,0.2215536030950496,0
26,2025-12-10 06:40:51,0.18604684740953037,0
26,2025-12-10 12:43:14,0.2089701199464914,0
26,2025-12-10 19:52:58,0.08600859969189893,0
26,2025-12-11 00:39:12,0.17934413855427608,0
26,2025-12-11 03:28:40,0.5602411963785259,1
26,2025-12-11 04:27:25,0.6531761665273073,1
26,2025-12-11 04:34:31,0.1412334558208191,0
26,2025-12-11 10:38:58,0.24306539341582734,0
26,2025-12-11 12:32:43,0.3780631829040202,0
26,2025-12-11 22:29:59,0.10814962117087784,0
26,2025-12-12 01:06:09,0.15591851712085628,0
26,2025-12-12 02:26:51,0.6034458007855578,1
26,2025-12-12 02:52:03,0.2723509821342355,0
26,2025-12-12 06:16:30,0.2995456563806574,0
26,2025-12-12 10:53:45,0.4349656996173129,0
26,2025-12-12 14:25:02,0.6949632069974484,1
26,2025-12-12 14:31:38,0.25023019319609163,0
26,2025-12-12 18:13:01,0.7019533002416735,1
26,2025-12-12 18:43:48,0.3186928251275869,0
26,2025-12-13 01:16:37,0.2065800728862831,0
26,2025-12-13 09:42:19,0.36734636773721907,0
26,2025-12-13 18:46:51,0.6437501109694229,1
26,2025-12-13 19:33:46,0.6217410665757229,1
26,2025-12-13 19:39:59,0.14609046849843232,0
26,2025-12-14 03:04:29,0.6006230348062038,1
26,2025-12-14 03:51:36,0.21185403313748563,0
26,2025-12-14 06:13:56,0.1619946221084111,0
26,2025-12-14 07:37:56,0.1957362736316399,0
26,2025-12-14 09:07:54,0.7436070041865418,1
26,2025-12-14 09:17:52,0.6601604223997666,1
26,2025-12-14 09:59:11,0.7955162961899214,1
26,2025-12-14 10:48:09,0.40831216589127683,0
26,2025-12-14 12:15:19,0.3099870851320035,0
26,2025-12-15 03:34:01,0.6931982482986053,1
26,2025-12-15 03:48:40,0.13409379387105586,0
26,2025-12-15 16:57:44,0.6778490411898197,1
26,2025-12-15 17:15:16,0.16910131510690032,0
26,2025-12-17 00:37:24,0.6679064153704383,1
26,2025-12-17 01:07:53,0.1686570145232178,0
26,2025-12-17 11:31:56,0.6040937139882573,1
26,2025-12-17 11:58:37,0.2707762116271732,0
26,2025-12-17 17:17:00,0.6616195162221176,1
26,2025-12-17 18:10:03,0.295063751773584,0
26,2025-12-18 04:27:53,0.1742068539734246,0
26,2025-12-18 09:59:05,0.6687543107732772,1
26,2025-12-18 10:05:24,0.2722312263313361,0
26,2025-12-18 14:24:43,0.7284636129359109,1
26,2025-12-18 14:48:58,0.7592383042451039,1
26,2025-12-18 15:41:09,0.8132379469257666,1
26,2025-12-18 16:24:41,0.678670956749286,1
26,2025-12-18 17:10:10,0.39108593197187025,0
26,2025-12-19 02:31:09,0.16542904724535443,0
26,2025-12-19 04:40:39,0.15728803433750346,0
26,2025-12-19 07:22:58,0.32813956002678857,0
26,2025-12-19 09:33:02,0.5801251201748804,0
26,2025-12-19 10:51:12,0.8033733010105765,1
26,2025-12-19 11:15:31,0.7631674968986683,1
26,2025-12-19 11:23:45,0.5847191831593781,1
26,2025-12-19 11:33:29,0.2710559876840956,0
26,2025-12-19 12:37:14,0.37123669553521077,0
26,2025-12-19 15:59:54,0.6737234156762341,1
26,2025-12-19 16:06:05,0.2033848651520757,0
26,2025-12-19 17:26:06,0.3544175536240462,0
26,2025-12-19 19:27:43,0.2460603003447219,0
26,2025-12-19 22:23:33,0.19285714109310914,0
26,2025-12-20 00:48:28,0.1308821219088082,0
26,2025-12-20 05:23:44,0.6381192096328343,1
26,2025-12-20 05:44:02,0.5710582704552679,1
26,2025-12-20 06:18:01,0.15904682532322717,0
26,2025-12-20 07:23:56,0.1807027110279348,0
26,2025-12-20 09:05:59,0.28517470265301365,0
26,2025-12-20 10:13:24,0.7063329229882613,1
26,2025-12-20 10:48:59,0.6462426673273888,1
26,2025-12-20 10:57:22,0.2697007141845437,0
26,2025-12-20 12:09:29,0.6338151545021697,1
26,2025-12-20 12:25:26,0.20075534131189587,0
26,2025-12-20 14:28:03,0.2153272140597475,0
26,2025-12-20 16:08:05,0.2124105513336971,0
26,2025-12-20 20:19:58,0.12158613635662027,0
26,2025-12-20 23:36:00,0.09750326975126695,0
26,2025-12-21 05:00:10,0.12851972593342012,0
26,2025-12-21 07:46:59,0.6130307958218736,1
26,2025-12-21 08:04:30,0.3300089915033578,0
26,2025-12-21 10:34:49,0.8058957999108526,1
26,2025-12-21 11:05:04,0.8202568549631226,1
26,2025-12-21 11:34:14,0.596386657246267,0
26,2025-12-21 12:48:59,0.8135308066408636,1
26,2025-12-21 13:24:50,0.8225344637921848,1
26,2025-12-21 13:53:03,0.7274972461378288,1
26,2025-12-21 14:13:12,0.42506700431782996,0
26,2025-12-21 20:44:43,0.19744397126799004,0
26,2025-12-21 23:28:25,0.11314802117513797,0
26,2025-12-22 02:15:22,0.6711875562425543,1
26,2025-12-22 03:12:10,0.7276378038541202,1
26,2025-12-22 03:21:50,0.15894774927689614,0
26,2025-12-22 05:01:01,0.18233961493857134,0
26,2025-12-22 08:09:46,0.7013236376503794,1
26,2025-12-22 08:33:49,0.279581000070565,0
26,2025-12-22 11:58:44,0.8509857460611545,1
26,2025-12-22 12:12:11,0.6737922296493017,1
26,2025-12-22 12:45:40,0.3368686112645454,0
26,2026-01-05 09:05:26,0.8252966295683519,1
26,2026-01-05 09:19:37,0.2204465967330088,0
26,2026-01-08 10:12:18,0.3122164524004319,0
26,2026-01-10 06:12:19,0.7650062940749097,1
26,2026-01-10 06:51:23,0.6834836384961193,1
26,2026-01-10 07:02:19,0.2077564710775804,0
26,2026-01-10 17:07:43,0.35616192967164445,0
26,2026-01-11 04:21:11,0.13839482250242535,0
26,2026-01-11 17:08:20,0.27649797558740874,0
26,2026-01-11 18:50:25,0.2621179547855296,0
26,2026-01-12 17:19:55,0.8224208254788492,1
26,2026-01-12 18:04:42,0.637733600375732,1
27,2025-12-07 16:47:32,0.1403104581931117,0
27,2025-12-08 19:52:14,0.820225987234025,1
27,2025-12-08 20:02:55,0.2570543262948841,0
27,2025-12-09 18:32:00,0.7013473551188848,1
27,2025-12-09 18:51:15,0.258018323087704,0
27,2025-12-10 04:41:27,0.18376473459275608,0
27,2025-12-10 07:46:17,0.597193742174312,1
27,2025-12-10 07:56:58,0.18262437968303114,0
27,2025-12-11 05:10:09,0.0807847133256316,0
27,2025-12-11 07:32:01,0.6596853358286775,1
27,2025-12-11 07:58:51,0.15660632924239265,0
27,2025-12-11 13:39:33,0.21988996893141266,0
27,2025-12-11 15:38:49,0.8166651722929665,1
27,2025-12-11 16:28:27,0.8711489156428759,1
27,2025-12-11 17:16:49,0.8414680390925966,1
27,2025-12-11 17:33:44,0.2955912544906185,0
27,2025-12-11 21:31:32,0.14755394524307924,0
27,2025-12-11 22:34:21,0.19301121299477222,0
27,2025-12-12 06:52:52,0.6184281164844966,1
27,2025-12-12 07:38:14,0.2308109422821088,0
27,2025-12-12 10:05:18,0.1296267112364773,0
27,2025-12-12 11:09:50,0.1603140050783103,0
27,2025-12-12 20:48:25,0.2539985533182137,0
27,2025-12-12 23:26:17,0.22935139018398185,0
27,2025-12-13 00:36:18,0.6251008976766577,1
27,2025-12-13 01:17:59,0.6918529952093051,1
27,2025-12-13 01:33:19,0.2881916392454249,0
27,2025-12-14 02:25:32,0.046434296380149086,0
27,2025-12-14 06:16:44,0.050691034956418086,0
27,2025-12-14 11:12:24,0.007710153279663029,0
27,2025-12-15 06:46:04,0.20676559924113416,0
27,2025-12-15 17:07:01,0.7935119286412161,1
27,2025-12-15 17:35:06,0.6840222160171203,1
27,2025-12-15 17:45:42,0.28163664244883757,0
27,2025-12-15 19:18:14,0.8309210070927925,1
27,2025-12-15 19:49:04,0.9075538693683692,1
27,2025-12-15 20:42:57,0.9055278725261092,1
27,2025-12-15 20:52:15,0.8010967750796344,1
27,2025-12-15 21:31:54,0.25844362625614037,0
27,2025-12-15 22:33:14,0.6336322144711446,1
27,2025-12-15 22:41:40,0.16816791140268592,0
27,2025-12-16 00:00:47,0.16568204281382112,0
27,2025-12-16 08:01:47,0.14220225555849425,0
27,2025-12-16 10:33:05,0.0773155277994275,0
27,2025-12-16 12:00:57,0.12002400443666898,0
27,2025-12-16 14:31:22,0.7349657713848781,1
27,2025-12-16 14:45:38,0.9036574043223967,1
27,2025-12-16 15:00:59,0.954872073223892,1
27,2025-12-16 15:29:10,0.9735256146642893,1
27,2025-12-16 16:29:07,0.9847325112160135,1
27,2025-12-16 16:36:53,0.9889081885856079,1
27,2025-12-16 16:46:03,1.0,1
27,2025-12-16 17:36:02,0.99,1
27,2025-12-16 18:03:15,0.995,1
27,2025-12-16 18:18:36,0.9872151898734177,1
27,2025-12-16 18:26:24,0.9872151898734177,1
27,2025-12-16 18:38:27,0.9922151898734177,1
27,2025-12-16 19:16:28,1.0,1
27,2025-12-16 19:33:48,1.0,1
27,2025-12-16 19:44:54,1.0,1
27,2025-12-16 20:11:02,0.9988043478260871,1
27,2025-12-16 20:23:39,0.9988043478260871,1
27,2025-12-16 20:36:34,0.9988043478260871,1
27,2025-12-16 21:02:56,1.0,1
27,2025-12-16 21:11:33,1.0,1
27,2025-12-16 21:19:30,0.995,1
27,2025-12-16 21:33:26,0.8622886510235551,1
27,2025-12-16 21:58:00,0.32228055496310515,0
27,2025-12-17 05:48:05,0.8524436992922169,1
27,2025-12-17 06:00:52,0.8414729078802177,1
27,2025-12-17 06:25:24,0.3727400077741486,0
27,2025-12-17 09:20:48,0.8754004812033876,1
27,2025-12-17 09:34:19,0.84191283450301,1
27,2025-12-17 10:33:58,0.7568443263434099,1
27,2025-12-17 11:17:21,0.2441883179942902,0
27,2025-12-17 12:33:43,0.18075625537970208,0
27,2026-01-09 09:24:41,0.059563939232896906,0
27,2026-01-10 06:12:48,0.09073852290766406,0
27,2026-01-10 07:52:33,0.1590529192403495,0
